node_label,value
183,-0.00064312475
189,-0.00056404754
196,-0.0005591123
229,-0.0007966294
296,-0.0005440227
426,-0.0005596223
453,-0.00047551983
543,-0.00056467764
614,-0.0005209479
623,-0.00045077887
773,-0.0007345717
774,-0.0006779141
788,-0.00055790663
832,-0.00079159194
893,-0.00056110893
1015,-0.00064803154
1043,-0.0005526902
1065,-0.0007758209
1069,-0.0005530029
1109,-0.00055969285
1110,-0.00054956385
1112,-0.0007171774
1113,-0.0007512669
1114,-0.00055552006
1140,-0.000561884
1184,-0.00079632056
1306,-0.00055543403
1307,-0.000716585
1310,-0.00078159204
1446,-0.0004675522
1497,-0.00045546851
1517,-0.00055988476
1518,-0.0007815785
1523,-0.00073147885
1524,-0.0005445329
1525,-0.0005557348
1531,-0.00059566373
1554,-0.00047041415
1566,-0.0007857454
1568,-0.00055350264
1569,-0.0006582455
1610,-0.0005511804
1652,-0.00069779326
1660,-0.00075618475
1663,-0.000553035
1692,-0.0007662075
1703,-0.0005493552
1863,-0.0007656877
1885,-0.0005400314
1937,-0.0005555134
2019,-0.0004646071
2112,-0.0005534885
2157,-0.0005494581
2501,-0.000521699
2518,-0.0005460378
2678,-0.0007539605
2690,-0.0006836549
2709,-0.0005270586
2744,-0.0005035062
2812,-0.0005245698
2864,-0.00054500735
2951,-0.00072432763
3493,-0.0005413775
3664,-0.0005115095
4005,-0.00072160404
4173,-0.0005300691
4281,-0.0004552814
4348,-0.0007034829
4537,-0.0005700602
4651,-0.00053594407
4666,-0.0005085509
4800,-0.0005180405
4850,-0.0005352028
4912,-0.00069191074
5051,-0.0006829662
5482,-0.0005303941
5551,-0.00052907364
5625,-0.0005263759
5877,-0.0005553744
6060,-0.00056015374
6251,-0.00048425543
6526,-0.00049591414
6905,-0.000471441
6922,-0.00045004123
7125,-0.0005981253
7440,-0.0005000649
8036,-0.0005692195
8056,-0.0006386889
8464,-0.00045345342
8515,-0.00051805645
8583,-0.0004973626
8587,-0.0005348191
8633,-0.0005266067
8936,-0.0005184086
9330,-0.0005961112
9374,-0.00044880193
9502,-0.0004902368
9602,-0.0005023283
9678,-0.00055308
9680,-0.00047366676
9748,-0.0005448368
9913,-0.00050567463
9959,-0.00056298415
10096,-0.0006103518
10151,-0.00045659087
10510,-0.0005913557
10677,-0.0005757399
10721,-0.00048334428
10860,-0.0005069853
11000,-0.00052529236
11110,-0.00048902264
11137,-0.00046085494
11550,-0.0004680839
11598,-0.00052265386
11724,-0.00047928182
11836,-0.00049525645
12314,-0.0004840198
12586,-0.00054898986
12796,-0.0005953605
12927,-0.00052815507
13264,-0.0005497758
13391,-0.0004647509
13749,-0.0004933021
13773,-0.0005281314
13866,-0.00047226186
14063,-0.00049491844
14449,-0.00049421075
14853,-0.00046935497
15051,-0.00056933454
15368,-0.0005393796
15426,-0.0004673025
15702,-0.0005364505
15703,-0.0005264108
16756,-0.0005395871
17456,-0.0006325432
17585,-0.00060366566
17971,-0.00059855584
18169,-0.00058874045
18654,-0.0005481949
18715,-0.00051092607
18824,-0.00059914996
18998,-0.00059034216
19008,-0.00056454225
19340,-0.00048307102
19550,-0.0005935857
19565,-0.0004856775
19782,-0.000595908
20091,-0.0006051825
20157,-0.0005907283
20208,-0.00057712686
20473,-0.00055814016
20926,-0.0006180413
21002,-0.00045778815
21144,-0.0005470749
21434,-0.0006153086
21913,-0.0005366323
21987,-0.0005912707
21997,-0.0005508767
22094,-0.00058131636
22190,-0.0005553697
23052,-0.00052592496
23104,-0.0005672433
23119,-0.0005960472
23409,-0.00060242775
23417,-0.00048020974
23545,-0.00056864193
24147,-0.000511136
24159,-0.00051169354
24227,-0.00047749688
24367,-0.0005513244
24534,-0.000656278
24571,-0.0005805183
24654,-0.0004989783
24788,-0.000650666
25140,-0.0006182107
25312,-0.00058934867
25840,-0.0006001483
26184,-0.00053917494
27163,-0.0005678443
27335,-0.0005432314
27350,-0.00050900417
27713,-0.0006033983
28045,-0.0005528547
28305,-0.00059675926
28722,-0.00049704366
29015,-0.00070949085
29021,-0.00050074543
29524,-0.00052824273
29597,-0.0006423644
29704,-0.0006391671
29978,-0.0005540234
30377,-0.00052275567
30485,-0.0006431606
30865,-0.00050361734
31189,-0.00057058013
31339,-0.00062805833
31368,-0.00057530386
31385,-0.0004888495
31673,-0.00069610565
31811,-0.00055783894
31884,-0.00056721806
31985,-0.00060105516
32027,-0.00069525867
32049,-0.0005548306
32050,-0.0006494881
32096,-0.0005365991
32133,-0.00065247365
32169,-0.0005230467
32202,-0.00063931453
32277,-0.000596489
32321,-0.00048900815
32421,-0.00056399
32480,-0.0006173149
32595,-0.0006930002
32602,-0.00064204686
32691,-0.00055628095
32730,-0.00056616636
32764,-0.0006611036
32783,-0.00064653956
32864,-0.0006675186
32907,-0.00057655195
32923,-0.0005989695
32946,-0.0005928668
32947,-0.00055675616
32955,-0.0005926339
33039,-0.00054370845
33063,-0.0007022068
33159,-0.0006686151
33167,-0.00064181886
33175,-0.00073195325
33256,-0.00073663495
33310,-0.00068115885
33355,-0.00057650136
33356,-0.0006250612
33358,-0.00056386134
33437,-0.0006897816
33501,-0.0005849315
33505,-0.0005419418
33558,-0.0006319398
33586,-0.00055002334
33624,-0.0005600926
33686,-0.0005613846
33691,-0.0007240462
33698,-0.00067414535
33726,-0.0006846773
33787,-0.00074103713
34010,-0.0006913974
34421,-0.00057086506
34423,-0.00063833536
34424,-0.00066325796
34512,-0.0005971748
34586,-0.00069938175
34640,-0.0006207405
34645,-0.00053206313
34659,-0.000683874
34670,-0.00061315397
34678,-0.0005059348
34693,-0.00064938905
34702,-0.00058028556
34718,-0.0005721854
34721,-0.0006373398
34730,-0.0005264403
34733,-0.0005804931
34768,-0.00046278082
34771,-0.00048403683
34772,-0.00045238176
34773,-0.00046622354
34782,-0.0005524087
34790,-0.00047478967
34797,-0.00048417607
34822,-0.00059703976
34862,-0.0007673804
34884,-0.00055291865
34894,-0.00054219976
34895,-0.0005675573
34896,-0.0004870143
34899,-0.0004544735
34906,-0.00054869096
34911,-0.00047163104
34916,-0.0004826133
34929,-0.00056135753
34934,-0.00045440404
34942,-0.00055472035
34994,-0.00046372798
34997,-0.00048171662
34998,-0.0005562511
34999,-0.0006351565
35000,-0.0006308112
35014,-0.0005963977
35038,-0.000475492
35044,-0.0004873351
35045,-0.0005251206
35047,-0.0006135828
35049,-0.00058976613
35055,-0.00059774437
35067,-0.0004979594
35072,-0.00053308334
35087,-0.000481249
35091,-0.0005625414
35109,-0.0004912827
35115,-0.00048446475
35125,-0.0005519235
35143,-0.00057409797
35158,-0.0006614526
35160,-0.00048855116
35164,-0.0005890148
35166,-0.00049779913
35175,-0.00055386906
35185,-0.00050193974
35195,-0.0006635809
35198,-0.000496244
35205,-0.0005904471
35208,-0.00048597634
35214,-0.0006046957
35223,-0.00056548405
35240,-0.00051094266
35245,-0.00050659786
35257,-0.0004805079
35258,-0.00047834747
35265,-0.0005543498
35279,-0.00051749253
35283,-0.00059477915
35296,-0.0005530215
35307,-0.0004927857
35310,-0.00054842915
35321,-0.0007520888
35342,-0.0004999387
35353,-0.0004935903
35357,-0.0005113101
35358,-0.00044898424
35359,-0.0004573287
35360,-0.0004553459
35361,-0.00046521815
35362,-0.00045039793
35363,-0.00047241914
35375,-0.0006358276
35376,-0.00051935617
35377,-0.0004874953
35378,-0.00049531215
35389,-0.0005518981
35422,-0.0006029599
35423,-0.0006007887
35425,-0.00053606316
35427,-0.00059738173
35428,-0.00058990426
35429,-0.0005925255
35440,-0.0006029546
35441,-0.00054492196
35449,-0.00052436255
35465,-0.0005683715
35469,-0.00050397444
35491,-0.0004671462
35513,-0.0004958227
35514,-0.0005221055
35515,-0.00050148746
35520,-0.0005722098
35526,-0.00058614113
35543,-0.0005349344
35564,-0.00049318135
35595,-0.000493349
35673,-0.00055163883
35680,-0.00047216474
35708,-0.000567342
35709,-0.000565597
35750,-0.0005445032
35758,-0.0005939538
35779,-0.0005694577
35820,-0.0005923273
35846,-0.00058230606
35848,-0.0004866596
35850,-0.0005919987
35851,-0.00045724667
35852,-0.000600882
35853,-0.00060635747
35859,-0.0006180549
35864,-0.00055529707
35898,-0.0005949211
35902,-0.000620457
35911,-0.0005627989
35913,-0.0004876506
